epoch,train_loss,train_accuracy,val_loss,val_accuracy
1,0.7015608921647072,0.453125,0.6928653120994568,0.5
2,0.693573497235775,0.484375,0.6882249116897583,0.5
3,0.6923238933086395,0.609375,0.6848387122154236,0.375
4,0.6820629313588142,0.5,0.6807633638381958,0.625
5,0.6514016687870026,0.65625,0.6351218819618225,0.625
6,0.5949323996901512,0.734375,0.5952731370925903,0.625
7,0.485195804387331,0.765625,0.6351845860481262,0.625
8,0.524034146219492,0.75,0.8001189827919006,0.625
9,0.43609107099473476,0.828125,0.48813724517822266,0.5
10,0.44210680574178696,0.75,0.50114905834198,0.75
11,0.376598097383976,0.828125,0.5287685990333557,0.75
12,0.3499842807650566,0.828125,0.5668459534645081,0.75
13,0.4225173592567444,0.78125,0.47497546672821045,0.625
14,0.39549563080072403,0.8125,0.6349343061447144,0.75
15,0.4215559847652912,0.828125,0.4129094183444977,0.625
16,0.40810335241258144,0.75,0.41617488861083984,0.75
17,0.3554920982569456,0.875,0.4697578251361847,0.75
18,0.3266355562955141,0.828125,0.41009819507598877,0.625
19,0.34524891525506973,0.78125,0.508863091468811,0.75
20,0.3450277801603079,0.859375,0.413388192653656,0.75
21,0.34524442814290524,0.859375,0.3636019825935364,0.875
22,0.33944489248096943,0.84375,0.6621570587158203,0.75
23,0.29177426639944315,0.875,0.3276166319847107,0.875
24,0.3707292922772467,0.796875,0.5775730013847351,0.75
25,0.4728206694126129,0.796875,0.8079575300216675,0.75
26,0.4204901303164661,0.78125,0.3919430375099182,0.75
27,0.3738972097635269,0.828125,0.38411033153533936,0.75
28,0.32670365273952484,0.875,0.4026455581188202,0.75
29,0.2680955119431019,0.859375,0.34280508756637573,0.75
30,0.25778586231172085,0.890625,0.4228214621543884,0.75
31,0.24574838858097792,0.859375,0.5579782724380493,0.75
32,0.24932913854718208,0.90625,0.6127512454986572,0.75
33,0.32487853965722024,0.859375,0.3318367898464203,0.75
34,0.2822324149310589,0.875,0.6751042604446411,0.75
35,0.21728677488863468,0.90625,0.4142072796821594,0.625
36,0.18417000421322882,0.921875,0.5841974020004272,0.75
37,0.2112118462100625,0.921875,0.5939596891403198,0.75
38,0.20056007616221905,0.90625,0.48312705755233765,0.75
39,0.14130905992351472,0.9375,0.6074548363685608,0.75
40,0.12954676523804665,0.9375,0.3305773138999939,0.75
41,0.21576685411855578,0.90625,0.3917429447174072,0.875
42,0.17530424799770117,0.921875,0.7349364757537842,0.75
43,0.22414709103759378,0.921875,0.5587775111198425,0.75
44,0.15905430971179157,0.90625,0.6224188208580017,0.625
45,0.1752259787172079,0.90625,0.43381863832473755,0.625
46,0.18827167968265712,0.9375,0.6375322937965393,0.625
47,0.23180079041048884,0.875,0.6711460947990417,0.75
48,0.23357749357819557,0.859375,0.3827129006385803,0.875
49,0.1479338986100629,0.953125,0.6327401995658875,0.75
50,0.14001002232544124,0.953125,0.48670631647109985,0.75
51,0.13792870263569057,0.9375,0.5989574193954468,0.75
52,0.0952594242990017,0.96875,0.33258166909217834,0.875
53,0.11804985255002975,0.96875,0.5191285610198975,0.75
54,0.13907752593513578,0.921875,0.4819498658180237,0.75
55,0.16047244204673916,0.921875,0.774167001247406,0.75
56,0.25877553736791015,0.890625,0.6663289070129395,0.625
57,0.20276850718073547,0.90625,0.4161190092563629,0.875
58,0.1488688555546105,0.9375,0.5814368724822998,0.75
59,0.14889541058801115,0.953125,0.59447181224823,0.75
60,0.06015520793152973,0.984375,0.6309243440628052,0.75
