image_id,filename,split,class_id,classe,sha256,source_url,flickr_url,license_id,width,height
274687,000000274687.jpg,train,0,bicicleta,ebc13d2019005f8d7009f72f33e0e861d5e98837ca4c1d56958636d58dd8ba2b,https://s3.amazonaws.com/images.cocodataset.org/val2017/000000274687.jpg,http://farm4.staticflickr.com/3602/4075988767_c3b2313002_z.jpg,5,640,480
224051,000000224051.jpg,train,0,bicicleta,ad01e4704883ecaaa25321efcc24d2ada74a725fe70cc0578890dca7a4745c60,https://s3.amazonaws.com/images.cocodataset.org/val2017/000000224051.jpg,http://farm6.staticflickr.com/5067/5661709113_b97be0cde2_z.jpg,2,640,428
492937,000000492937.jpg,train,0,bicicleta,2c1dbb9427ecfcbb98eab03ba9c65a51ae9d3d72ba6df04ec83a07a15b8d937e,https://s3.amazonaws.com/images.cocodataset.org/val2017/000000492937.jpg,http://farm9.staticflickr.com/8215/8413523703_f60308df73_z.jpg,3,612,612
76547,000000076547.jpg,train,0,bicicleta,f4f730a011b99aaa7b9ee851b6ba4c77fe2e3c4c81d12d58b7221d0f1b199c01,https://s3.amazonaws.com/images.cocodataset.org/val2017/000000076547.jpg,http://farm9.staticflickr.com/8557/8771723390_13dc9d18fa_z.jpg,4,640,480
174482,000000174482.jpg,train,0,bicicleta,41fab00aad97dad3eb7d035420b8cc61ed0ca8f4f0b66a4fbc1bd0bba6f8a5b3,https://s3.amazonaws.com/images.cocodataset.org/val2017/000000174482.jpg,http://farm8.staticflickr.com/7020/6478877255_242f741dd1_z.jpg,6,640,388
196843,000000196843.jpg,train,0,bicicleta,7bafbbaa286e2fcb78d30b5192d09a82a05d231778a5d1b84929c1de64b566ae,https://s3.amazonaws.com/images.cocodataset.org/val2017/000000196843.jpg,http://farm4.staticflickr.com/3743/9916443776_91a58c2b62_z.jpg,1,640,480
507037,000000507037.jpg,train,0,bicicleta,55d136b2a2337e5449736f32d346969be98bf1dec99a56a31602466cc7fd2b42,https://s3.amazonaws.com/images.cocodataset.org/val2017/000000507037.jpg,http://farm8.staticflickr.com/7460/8722353218_0434e124bb_z.jpg,3,640,480
570834,000000570834.jpg,train,0,bicicleta,2a92ab31c32928d402a0ac0b4688d242afbbfd3ef9325e3e92f4b6886e74a7bd,https://s3.amazonaws.com/images.cocodataset.org/val2017/000000570834.jpg,http://farm3.staticflickr.com/2843/9494785038_b71553cac6_z.jpg,3,640,480
351530,000000351530.jpg,train,0,bicicleta,c0dd4c7912f49996c6db70407078f13642da6239661294dc27bf190b2e1669f7,https://s3.amazonaws.com/images.cocodataset.org/val2017/000000351530.jpg,http://farm9.staticflickr.com/8334/8125752591_b7f7b8da3b_z.jpg,5,640,378
193926,000000193926.jpg,train,0,bicicleta,fca3d27a492bbb4bd795d497f4883123c23050a8dbb0b26fb4d4d6c4ac9af975,https://s3.amazonaws.com/images.cocodataset.org/val2017/000000193926.jpg,http://farm5.staticflickr.com/4089/4979494682_5541df49d6_z.jpg,1,640,477
72852,000000072852.jpg,train,0,bicicleta,5425359ed9786a3829a80b26e37e2568149df4502aa02cb77f8572412d5303f4,https://s3.amazonaws.com/images.cocodataset.org/val2017/000000072852.jpg,http://farm7.staticflickr.com/6039/5895847884_1b67929c16_z.jpg,2,424,640
295809,000000295809.jpg,train,0,bicicleta,852cd3d0eaae0f7c91cb121c4510a8e1470df56d0508a0eb38379a0dd5596115,https://s3.amazonaws.com/images.cocodataset.org/val2017/000000295809.jpg,http://farm7.staticflickr.com/6042/6349166356_12bfc7247a_z.jpg,3,640,512
394510,000000394510.jpg,train,0,bicicleta,6ea16e5b77365fccc9a12ce7e5f9eb3182c580cefc7ee0a5cb29238d24106349,https://s3.amazonaws.com/images.cocodataset.org/val2017/000000394510.jpg,http://farm4.staticflickr.com/3195/2948181016_7cbbeeafab_z.jpg,1,640,480
414510,000000414510.jpg,train,0,bicicleta,f6f2620707df79c606e0c1cfab462860ece49bee7768f0fb2dbdfac7bdf8346e,https://s3.amazonaws.com/images.cocodataset.org/val2017/000000414510.jpg,http://farm7.staticflickr.com/6011/5883783041_745340195b_z.jpg,4,480,640
261888,000000261888.jpg,train,0,bicicleta,02df0f1cd1c0997aacb71636e96f06a033cb2c1adee465744802e7cd691ac4de,https://s3.amazonaws.com/images.cocodataset.org/val2017/000000261888.jpg,http://farm5.staticflickr.com/4079/4918743472_0b684750c4_z.jpg,4,640,426
573094,000000573094.jpg,train,0,bicicleta,6e3a624152c5a6d36e0c585f379b540e2b942e159f0073c56e1ed526a4bddf4c,https://s3.amazonaws.com/images.cocodataset.org/val2017/000000573094.jpg,http://farm3.staticflickr.com/2705/4179772471_6039ec56a7_z.jpg,1,375,500
38829,000000038829.jpg,train,0,bicicleta,73f5b0fe070aaec65bbb7263d16d3d717a75304333fe939dcf086bd85d6ff2f9,https://s3.amazonaws.com/images.cocodataset.org/val2017/000000038829.jpg,http://farm8.staticflickr.com/7033/6799538227_e49c4d13bc_z.jpg,1,640,427
203317,000000203317.jpg,train,0,bicicleta,bb6175c1bdb5efc4a741165651a61a7a8ddfd21df73497b46a319d6da34b1c15,https://s3.amazonaws.com/images.cocodataset.org/val2017/000000203317.jpg,http://farm1.staticflickr.com/168/473782444_8ec11ec7b3_z.jpg,3,500,423
426166,000000426166.jpg,train,0,bicicleta,898e8d59cef547eb784066bd529f6a2f22c05ee0beddba310b7cd7c7531f7e6b,https://s3.amazonaws.com/images.cocodataset.org/val2017/000000426166.jpg,http://farm4.staticflickr.com/3052/2319776213_ced79b883c_z.jpg,4,500,332
50145,000000050145.jpg,train,0,bicicleta,c354e4a8ffd65115feaf41ed70dfc39e32eebcbb645469a0ef00e2518bbe2887,https://s3.amazonaws.com/images.cocodataset.org/val2017/000000050145.jpg,http://farm1.staticflickr.com/93/205036374_863351431e_z.jpg,3,480,320
259830,000000259830.jpg,train,0,bicicleta,6651f780761ad511ba3400e45a8a4e909439aec71227f1faac81211632f31d1a,https://s3.amazonaws.com/images.cocodataset.org/val2017/000000259830.jpg,http://farm4.staticflickr.com/3412/3308735477_1db07df522_z.jpg,4,425,640
74058,000000074058.jpg,train,0,bicicleta,a619c4064a1a9af3f0d3c20abee5dc8bb05edda1ec0b240e28fb823b4fd9d204,https://s3.amazonaws.com/images.cocodataset.org/val2017/000000074058.jpg,http://farm3.staticflickr.com/2673/3853738920_ac4ae553f7_z.jpg,2,640,427
403565,000000403565.jpg,train,0,bicicleta,7728a697d1e46e038de2baebdd0c18bb8aa8646ff67ded3ea2c5621654c88e62,https://s3.amazonaws.com/images.cocodataset.org/val2017/000000403565.jpg,http://farm4.staticflickr.com/3103/2561406947_c13271356e_z.jpg,3,447,640
210299,000000210299.jpg,train,0,bicicleta,dbdcbb432c918d11747928a3eb0d80498b9cc52087b5fe515e17b3cffb7e8240,https://s3.amazonaws.com/images.cocodataset.org/val2017/000000210299.jpg,http://farm7.staticflickr.com/6199/6207968507_effbfb5a1f_z.jpg,4,640,480
370208,000000370208.jpg,train,0,bicicleta,074ac425cb005165a87fdcea693f1a229ffb1020c6e8b363acfc9a25c02bcb9b,https://s3.amazonaws.com/images.cocodataset.org/val2017/000000370208.jpg,http://farm4.staticflickr.com/3114/2576404641_15ee5d5d25_z.jpg,1,500,375
228436,000000228436.jpg,train,0,bicicleta,6d819938ee8cee9e1db68e26d24d668aa8f4b1365b1ad2c7d072a7435cfa9778,https://s3.amazonaws.com/images.cocodataset.org/val2017/000000228436.jpg,http://farm6.staticflickr.com/5232/6921715956_85a99196b9_z.jpg,2,640,485
11149,000000011149.jpg,train,0,bicicleta,5973b8f1d5a30de98b1dcb715f1c94928a676fff8e45283515d0474e51ac0abc,https://s3.amazonaws.com/images.cocodataset.org/val2017/000000011149.jpg,http://farm4.staticflickr.com/3625/3323418866_ea5017538d_z.jpg,4,500,375
242287,000000242287.jpg,train,0,bicicleta,28926e1727c30c84dc8be5537cd607817dd39f44c40a03c822779135755d2d23,https://s3.amazonaws.com/images.cocodataset.org/val2017/000000242287.jpg,http://farm3.staticflickr.com/2626/4072194513_edb6acfb2b_z.jpg,4,426,640
472623,000000472623.jpg,train,0,bicicleta,3b1a4b3e7a06e2f67ff42f2821f089e5038d53d9a06de390a23f65652af85d6d,https://s3.amazonaws.com/images.cocodataset.org/val2017/000000472623.jpg,http://farm6.staticflickr.com/5298/5540579478_e9d5e490b2_z.jpg,4,425,640
185157,000000185157.jpg,train,0,bicicleta,b8334260155c97a0c11e050b9ead6792d77b7770815411b9caa26c24c433d831,https://s3.amazonaws.com/images.cocodataset.org/val2017/000000185157.jpg,http://farm5.staticflickr.com/4037/5075371191_1d6b0497f6_z.jpg,2,426,640
281929,000000281929.jpg,train,0,bicicleta,b300f819b43b6f41bda197dde44a7a715b77623398a60030fca7fc2231451b9f,https://s3.amazonaws.com/images.cocodataset.org/val2017/000000281929.jpg,http://farm5.staticflickr.com/4062/4612141283_5e7a4e23d4_z.jpg,1,640,504
356612,000000356612.jpg,train,0,bicicleta,92d4db8b8ea208bddba73c0c89331960e194cf87eb5841e3050f62796131a60e,https://s3.amazonaws.com/images.cocodataset.org/val2017/000000356612.jpg,http://farm3.staticflickr.com/2780/4444985182_6197c4ba62_z.jpg,1,640,416
251140,000000251140.jpg,val,0,bicicleta,79008d18027248dca70b4b61895deb7242f5f1179befdca36f562121b188291e,https://s3.amazonaws.com/images.cocodataset.org/val2017/000000251140.jpg,http://farm1.staticflickr.com/37/86075448_628fbb6873_z.jpg,1,375,500
135670,000000135670.jpg,val,0,bicicleta,8f3eea478483e5b94935fe4e20da629a3631b28895899bccb5acc0fba5286060,https://s3.amazonaws.com/images.cocodataset.org/val2017/000000135670.jpg,http://farm3.staticflickr.com/2528/3925803088_79760dbe81_z.jpg,5,375,500
384527,000000384527.jpg,val,0,bicicleta,283e14ef8a28efda65411d850119607c68bf02036460b94f6a73688703fae491,https://s3.amazonaws.com/images.cocodataset.org/val2017/000000384527.jpg,http://farm3.staticflickr.com/2563/3910464798_27372f3cb2_z.jpg,3,640,480
291634,000000291634.jpg,val,0,bicicleta,6ae78cd80b51f27f47479e0fb46603270c6fa874ce71bf0bac79ba00c377804f,https://s3.amazonaws.com/images.cocodataset.org/val2017/000000291634.jpg,http://farm3.staticflickr.com/2466/3745107848_93f14d1ced_z.jpg,1,433,640
492077,000000492077.jpg,test,0,bicicleta,16c697f38aa036da979494b579d337c41fc7a4529802372f7e7c535478b6103d,https://s3.amazonaws.com/images.cocodataset.org/val2017/000000492077.jpg,http://farm6.staticflickr.com/5057/5573502905_c63bf4a4d1_z.jpg,6,640,480
144333,000000144333.jpg,test,0,bicicleta,7acabef5186a84189013c5fc859fe9e76f9507a00b20dc758d3e916d16a0f96c,https://s3.amazonaws.com/images.cocodataset.org/val2017/000000144333.jpg,http://farm5.staticflickr.com/4134/4782858440_3885462451_z.jpg,1,426,640
424162,000000424162.jpg,test,0,bicicleta,765a481659aa263c0ac345053f0f47ce073144fa93b667c3eb66a565994116a8,https://s3.amazonaws.com/images.cocodataset.org/val2017/000000424162.jpg,http://farm4.staticflickr.com/3088/5793281956_2a15b2559c_z.jpg,3,640,512
549390,000000549390.jpg,test,0,bicicleta,58869aab26773098433074432a7f042d395d33d1c0f8c293df3168b7e8ec2bc8,https://s3.amazonaws.com/images.cocodataset.org/val2017/000000549390.jpg,http://farm3.staticflickr.com/2478/3980730371_4afea4ce86_z.jpg,2,640,427
413395,000000413395.jpg,train,1,gato,e101bdf508bf0a74adb38301dc97cb0612fa95a84e2a660eb97749b31edec18a,https://s3.amazonaws.com/images.cocodataset.org/val2017/000000413395.jpg,http://farm2.staticflickr.com/1046/1358200056_5858eaf239_z.jpg,1,640,421
476810,000000476810.jpg,train,1,gato,839a55abf664962806b4bf17111c33bcf9c082a0f7cb7a661d7257368de834d3,https://s3.amazonaws.com/images.cocodataset.org/val2017/000000476810.jpg,http://farm3.staticflickr.com/2335/2406707284_04264023a9_z.jpg,3,640,480
14007,000000014007.jpg,train,1,gato,4fa388665548f563e50c107089669a589812c4a14cb1dd3b87860fb25bdd4b45,https://s3.amazonaws.com/images.cocodataset.org/val2017/000000014007.jpg,http://farm8.staticflickr.com/7161/6701691801_dc2cee1aa9_z.jpg,3,640,426
316015,000000316015.jpg,train,1,gato,c7fec132440e63917a4346a16d5f48cd280f0f497d221b1a54c545a398a8aba9,https://s3.amazonaws.com/images.cocodataset.org/val2017/000000316015.jpg,http://farm1.staticflickr.com/185/453382723_bc00284acf_z.jpg,6,500,400
139684,000000139684.jpg,train,1,gato,f667a657676aa38ef258dc184c33c1ed36a1b27f3e96b8eb49d9fb5599f1e103,https://s3.amazonaws.com/images.cocodataset.org/val2017/000000139684.jpg,http://farm3.staticflickr.com/2793/4386321826_9830af09c5_z.jpg,3,500,333
106389,000000106389.jpg,train,1,gato,637792348a3b56f4cf68f840f5ad0f17c235b0758b8c231de126aa0409cb2ec9,https://s3.amazonaws.com/images.cocodataset.org/val2017/000000106389.jpg,http://farm5.staticflickr.com/4017/4278927665_f44d019d80_z.jpg,3,640,480
155291,000000155291.jpg,train,1,gato,8fb839e348366168cc0fd36a8066d04019131b18024bf1edd72f404dd4712996,https://s3.amazonaws.com/images.cocodataset.org/val2017/000000155291.jpg,http://farm4.staticflickr.com/3646/4556297233_b8013226e1_z.jpg,3,640,427
89271,000000089271.jpg,train,1,gato,a9f557f680083c45c3b9e32e3d70daec201f204e987b3d20a3eb592836893828,https://s3.amazonaws.com/images.cocodataset.org/val2017/000000089271.jpg,http://farm5.staticflickr.com/4122/4873790839_1f8aa7d6b2_z.jpg,6,640,524
84362,000000084362.jpg,train,1,gato,078d217235bc234a17e34325cd551fa0944ea693a7e51c5647d0df7702bc840e,https://s3.amazonaws.com/images.cocodataset.org/val2017/000000084362.jpg,http://farm4.staticflickr.com/3529/3286653136_27cd84dfd8_z.jpg,2,640,480
333772,000000333772.jpg,train,1,gato,45abc24e5d525f4da47cafca857b5db9b08e8b4ee7fe03bcd3d6b2683ebfbcc7,https://s3.amazonaws.com/images.cocodataset.org/val2017/000000333772.jpg,http://farm5.staticflickr.com/4038/4212612461_ca16f4e7fb_z.jpg,4,500,375
329319,000000329319.jpg,train,1,gato,5e4fd4c07cc3c09ae145e0d31a908dcf611e7ec0e7bca2ce552a448cb5038b83,https://s3.amazonaws.com/images.cocodataset.org/val2017/000000329319.jpg,http://farm4.staticflickr.com/3292/2933666867_7ff0107e00_z.jpg,3,428,640
240940,000000240940.jpg,train,1,gato,6e339df9c9ee33f5cb0217348ff1421b253caf8b32fc2d27cf758f31a06a8e7c,https://s3.amazonaws.com/images.cocodataset.org/val2017/000000240940.jpg,http://farm1.staticflickr.com/151/401267091_bb356fb2f3_z.jpg,1,357,500
131131,000000131131.jpg,train,1,gato,af525fcd8c44989eaba2a16cb1fc63d8cc40dace49ad01da74dd0938ab250006,https://s3.amazonaws.com/images.cocodataset.org/val2017/000000131131.jpg,http://farm4.staticflickr.com/3750/9037266398_f900b77f14_z.jpg,1,640,480
543581,000000543581.jpg,train,1,gato,f2f45649e910a8f8ba6ba90eff14c9a0e5c8a7c220f94939f1e8abc185741cca,https://s3.amazonaws.com/images.cocodataset.org/val2017/000000543581.jpg,http://farm3.staticflickr.com/2756/4415559538_f036f9ff02_z.jpg,3,640,427
327769,000000327769.jpg,train,1,gato,507768eae1bb4085285fd57940138be6419169d751148666363d4f10bf7800d7,https://s3.amazonaws.com/images.cocodataset.org/val2017/000000327769.jpg,http://farm1.staticflickr.com/207/501495782_5d0ed9299e_z.jpg,3,640,424
416256,000000416256.jpg,train,1,gato,0b7f35a9bfd6b2cc01f6798ac97688ea06263b48f89348c5170d264d8cdb67d5,https://s3.amazonaws.com/images.cocodataset.org/val2017/000000416256.jpg,http://farm1.staticflickr.com/34/64280333_7acf38cfb3_z.jpg,5,500,375
570664,000000570664.jpg,train,1,gato,34579fb585399d271b1530f0f9171fa5b7170f8e6abd8a4bd90c6569904e3967,https://s3.amazonaws.com/images.cocodataset.org/val2017/000000570664.jpg,http://farm1.staticflickr.com/208/508728978_915f97d63a_z.jpg,5,500,333
478393,000000478393.jpg,train,1,gato,d4e33edd4dceb51ec2e923b69c98baeda594348bd1d6b91df47a87d02c58fdc7,https://s3.amazonaws.com/images.cocodataset.org/val2017/000000478393.jpg,http://farm5.staticflickr.com/4115/4859291760_af67f36402_z.jpg,1,480,640
287649,000000287649.jpg,train,1,gato,91fac4147044cc28c5b03a3822f085214a5cf2b60cbe209e5c9b63cda06fc3bd,https://s3.amazonaws.com/images.cocodataset.org/val2017/000000287649.jpg,http://farm6.staticflickr.com/5255/5390407464_f7db1fda4b_z.jpg,3,640,480
101420,000000101420.jpg,train,1,gato,298c6d36099ddb214f2fb55951c2153462e1a4123dc70855d0ed3f62e621948c,https://s3.amazonaws.com/images.cocodataset.org/val2017/000000101420.jpg,http://farm3.staticflickr.com/2290/2155564286_b462896a6d_z.jpg,3,500,375
407960,000000407960.jpg,train,1,gato,51f7127dae6728b6f2ea96b02c8cdefc21fb03cff7a4f459af32debf6215790c,https://s3.amazonaws.com/images.cocodataset.org/val2017/000000407960.jpg,http://farm8.staticflickr.com/7432/9246491822_dc97ea7ddf_z.jpg,1,640,426
525247,000000525247.jpg,train,1,gato,eeb69bcbbd30196373eabb9856b2cd1898560909ff7bdaf331e50f865c441a09,https://s3.amazonaws.com/images.cocodataset.org/val2017/000000525247.jpg,http://farm8.staticflickr.com/7041/6970360583_6fa3316ba4_z.jpg,3,640,427
357941,000000357941.jpg,train,1,gato,21c85a68a74aa387b84e830c1e73bb37a2af76fb67f4eed9c30ef14d48dbf627,https://s3.amazonaws.com/images.cocodataset.org/val2017/000000357941.jpg,http://farm3.staticflickr.com/2243/2254661385_3a3fc93461_z.jpg,1,500,375
243344,000000243344.jpg,train,1,gato,4c42a89dc3e48343fe5800aa3711548466b9c295976b958c047e6cb5a4eb374b,https://s3.amazonaws.com/images.cocodataset.org/val2017/000000243344.jpg,http://farm9.staticflickr.com/8108/8469020409_174f2eca69_z.jpg,1,480,640
432468,000000432468.jpg,train,1,gato,784ba926f3dd7a7cc5b93e0ba2526692eb9f7384d3613d23b61c3423bad43061,https://s3.amazonaws.com/images.cocodataset.org/val2017/000000432468.jpg,http://farm3.staticflickr.com/2443/3939494379_8da2894286_z.jpg,1,427,640
172330,000000172330.jpg,train,1,gato,ef1b61b35ac3aa2af9d9cdb01f52ac79703a5ad0f0fbe036d6aecb94c07c212f,https://s3.amazonaws.com/images.cocodataset.org/val2017/000000172330.jpg,http://farm8.staticflickr.com/7071/7255497726_e2e4ee6f2b_z.jpg,1,640,480
424545,000000424545.jpg,train,1,gato,fb150820945eb63433c79bbaee3b7394eb120ed1ef82df690e24209851abe7d3,https://s3.amazonaws.com/images.cocodataset.org/val2017/000000424545.jpg,http://farm4.staticflickr.com/3193/3054220374_d2a3456295_z.jpg,3,500,375
469067,000000469067.jpg,train,1,gato,91ff6976fc10d19a086779c685c9882d92b01b25aa3942fa4d19d6f7eda64482,https://s3.amazonaws.com/images.cocodataset.org/val2017/000000469067.jpg,http://farm1.staticflickr.com/194/463125731_46041095c3_z.jpg,1,640,480
366199,000000366199.jpg,train,1,gato,c72cd72547cde741effa8e956631e74b25fa6200944ffb9649866a1335a7ba8b,https://s3.amazonaws.com/images.cocodataset.org/val2017/000000366199.jpg,http://farm5.staticflickr.com/4101/4794594634_08a6586cc0_z.jpg,2,640,427
78426,000000078426.jpg,train,1,gato,475db6e34f57f03cf611cc4c359d8707df49628491adc27d6b5209607284778b,https://s3.amazonaws.com/images.cocodataset.org/val2017/000000078426.jpg,http://farm3.staticflickr.com/2309/2390094858_f0e56415e9_z.jpg,1,500,334
181859,000000181859.jpg,train,1,gato,913f529537acad5fb8344559344c26fce9aaeebec5ff446aa9871b828aa37a75,https://s3.amazonaws.com/images.cocodataset.org/val2017/000000181859.jpg,http://farm4.staticflickr.com/3393/3430882393_21bffd2a53_z.jpg,4,426,640
279145,000000279145.jpg,train,1,gato,7263822155604dc51b682d4d3e1c35186e42d7ea21195ba9b221b0c057556998,https://s3.amazonaws.com/images.cocodataset.org/val2017/000000279145.jpg,http://farm5.staticflickr.com/4057/4597170077_ba86f04dab_z.jpg,1,640,480
15497,000000015497.jpg,val,1,gato,fc0fff04645dfadedbc34e23860dc62c45a213ac22d18b8194d269b66774d745,https://s3.amazonaws.com/images.cocodataset.org/val2017/000000015497.jpg,http://farm3.staticflickr.com/2197/2269556612_b210991e62_z.jpg,1,640,480
134096,000000134096.jpg,val,1,gato,7b159434fb11b28309ef41b473984ed088f9d4a05f78ca7edaeaa61b60ef0e90,https://s3.amazonaws.com/images.cocodataset.org/val2017/000000134096.jpg,http://farm3.staticflickr.com/2085/2529900214_839f0e5e6a_z.jpg,3,640,480
116825,000000116825.jpg,val,1,gato,5504ef709e0631da620603c50ba3f58a7d3d8290652f3cc8e64b34b21db554bb,https://s3.amazonaws.com/images.cocodataset.org/val2017/000000116825.jpg,http://farm2.staticflickr.com/1051/593301534_ed53411bdb_z.jpg,3,640,360
18833,000000018833.jpg,val,1,gato,3aaed3d8164deb6f7e5e18f3b1b3fc1b481d32078b342a07b629a7bdefc14e4d,https://s3.amazonaws.com/images.cocodataset.org/val2017/000000018833.jpg,http://farm1.staticflickr.com/92/217798870_1d648607b4_z.jpg,1,640,426
117374,000000117374.jpg,test,1,gato,d5af6e66ee264eae5e041c5894be1ff7d78141b1aeccc13b7115cf4bd96ebfcb,https://s3.amazonaws.com/images.cocodataset.org/val2017/000000117374.jpg,http://farm9.staticflickr.com/8468/8144608869_655919484a_z.jpg,5,640,428
119233,000000119233.jpg,test,1,gato,24bfe0c95b1dbd6163fb6d36c61a40958d03f8ff6e1a45a2fc4ae8cbb9c4daf2,https://s3.amazonaws.com/images.cocodataset.org/val2017/000000119233.jpg,http://farm3.staticflickr.com/2248/2050977429_aff593ecc2_z.jpg,4,500,334
14831,000000014831.jpg,test,1,gato,ac9629cb598e5d30bbb0a174a01ac4e398de3d54ef8c5bac4f81a738597c39cd,https://s3.amazonaws.com/images.cocodataset.org/val2017/000000014831.jpg,http://farm9.staticflickr.com/8113/8656986875_366dec25c9_z.jpg,1,480,640
61333,000000061333.jpg,test,1,gato,d3c51525ef4df7b192081a4f71725a7e2b9bc09ade3eae9d1978b7768e2932a8,https://s3.amazonaws.com/images.cocodataset.org/val2017/000000061333.jpg,http://farm3.staticflickr.com/2355/2105519375_646a02b950_z.jpg,3,500,361
