               epoch,      train/box_loss,      train/obj_loss,      train/cls_loss,   metrics/precision,      metrics/recall,     metrics/mAP_0.5,metrics/mAP_0.5:0.95,        val/box_loss,        val/obj_loss,        val/cls_loss,               x/lr0,               x/lr1,               x/lr2
                   0,             0.12399,             0.01492,            0.032319,           0.0020634,               0.575,           0.0046436,            0.001349,             0.11763,           0.0085097,            0.031638,              0.0865,              0.0015,              0.0015
                   1,              0.1205,            0.014741,            0.032026,            0.011657,                 0.1,            0.013328,           0.0021627,             0.11263,           0.0087806,             0.03034,            0.071998,           0.0029977,           0.0029977
                   2,             0.11634,            0.015391,            0.029858,             0.00281,               0.325,           0.0058159,           0.0015081,             0.10687,           0.0093227,            0.027961,             0.05739,           0.0043898,           0.0043898
                   3,             0.11006,            0.016343,            0.028967,            0.040141,                 0.1,            0.046417,           0.0060876,            0.097591,             0.01002,             0.02638,            0.042676,           0.0056763,           0.0056763
                   4,             0.10676,            0.018437,            0.026706,            0.042862,                 0.1,            0.049356,            0.016069,            0.094294,            0.010066,            0.025251,            0.027857,           0.0068572,           0.0068572
                   5,             0.10697,            0.020408,            0.025828,            0.036921,                 0.1,            0.054005,            0.023141,            0.092572,             0.01001,            0.023179,            0.012932,           0.0079325,           0.0079325
                   6,             0.10296,            0.019134,            0.022791,            0.030125,               0.325,            0.074584,            0.046248,            0.088777,            0.010207,            0.021649,             0.00802,             0.00802,             0.00802
                   7,            0.098253,            0.021446,             0.02204,           0.0029027,                 0.8,             0.12049,            0.029574,            0.088673,           0.0098947,            0.020367,             0.00802,             0.00802,             0.00802
                   8,            0.097476,            0.019933,            0.022495,           0.0024616,                 0.7,             0.19513,            0.039647,            0.087596,           0.0098054,            0.017851,             0.00769,             0.00769,             0.00769
                   9,            0.096742,            0.019877,            0.020336,           0.0025024,               0.675,            0.033171,           0.0094571,            0.087042,           0.0096472,            0.016287,             0.00736,             0.00736,             0.00736
                  10,            0.094331,            0.021175,             0.01926,           0.0029116,                 0.8,            0.051737,            0.015236,            0.086479,           0.0095506,            0.015171,             0.00703,             0.00703,             0.00703
                  11,            0.095671,            0.021947,            0.017721,           0.0084018,                 0.7,            0.070343,            0.022495,            0.083543,           0.0097168,            0.013768,              0.0067,              0.0067,              0.0067
                  12,            0.088748,             0.02145,            0.017691,            0.041868,               0.475,            0.058681,            0.026725,            0.081031,           0.0097856,            0.013618,             0.00637,             0.00637,             0.00637
                  13,            0.091561,            0.020957,            0.016453,            0.033356,               0.375,            0.069896,            0.027948,            0.081462,           0.0095652,            0.012198,             0.00604,             0.00604,             0.00604
                  14,            0.089647,            0.022817,            0.016794,            0.024675,                0.25,            0.067945,            0.019139,            0.083757,           0.0092246,            0.011902,             0.00571,             0.00571,             0.00571
                  15,            0.089021,            0.023636,            0.014986,            0.045761,                 0.5,            0.085361,            0.026537,            0.083265,            0.009145,            0.011911,             0.00538,             0.00538,             0.00538
                  16,            0.085858,            0.020902,             0.01374,            0.052486,                0.25,            0.080309,            0.026886,             0.08478,           0.0088796,            0.011607,             0.00505,             0.00505,             0.00505
                  17,              0.0877,            0.024391,            0.015543,            0.058641,                0.25,             0.10329,            0.039905,            0.083144,           0.0088526,            0.010692,             0.00472,             0.00472,             0.00472
                  18,            0.085042,            0.020763,            0.013906,             0.10841,             0.31973,             0.11539,            0.047813,            0.081809,            0.008948,            0.010469,             0.00439,             0.00439,             0.00439
                  19,            0.086161,            0.020853,            0.015695,             0.14819,                0.35,             0.14194,            0.050549,            0.081221,           0.0090036,           0.0099866,             0.00406,             0.00406,             0.00406
                  20,            0.078965,            0.019427,             0.01322,             0.14379,                0.35,             0.14132,            0.051646,            0.079192,           0.0091351,           0.0098514,             0.00373,             0.00373,             0.00373
                  21,            0.077713,            0.021387,            0.012261,             0.18625,                0.35,             0.17617,            0.073007,            0.078404,           0.0091134,            0.010378,              0.0034,              0.0034,              0.0034
                  22,            0.081778,            0.024386,            0.013553,             0.19188,                0.35,             0.20234,            0.070488,            0.079115,           0.0089538,           0.0096755,             0.00307,             0.00307,             0.00307
                  23,            0.076052,            0.021957,            0.011371,             0.34713,                0.35,             0.29076,             0.10367,            0.077597,           0.0089093,           0.0096557,             0.00274,             0.00274,             0.00274
                  24,            0.077638,            0.022961,            0.012661,             0.32492,                0.35,             0.35373,              0.1258,            0.076891,           0.0089389,           0.0096672,             0.00241,             0.00241,             0.00241
                  25,            0.080968,            0.025336,            0.011869,             0.40576,                0.35,             0.28727,             0.10356,            0.076472,           0.0089349,            0.010692,             0.00208,             0.00208,             0.00208
                  26,            0.080046,            0.020948,            0.012592,             0.32104,                0.35,              0.2689,                0.11,            0.076425,            0.008909,            0.010548,             0.00175,             0.00175,             0.00175
                  27,              0.0776,            0.022197,            0.010424,             0.32815,                0.35,             0.34423,             0.11216,             0.07652,           0.0089373,            0.011115,             0.00142,             0.00142,             0.00142
                  28,            0.076975,            0.021626,            0.011441,             0.26625,                0.35,             0.35623,             0.13524,            0.075868,           0.0089549,            0.011371,             0.00109,             0.00109,             0.00109
                  29,            0.077666,            0.023662,            0.010517,             0.20703,                0.35,             0.34563,             0.12646,             0.07578,           0.0089901,            0.011453,             0.00076,             0.00076,             0.00076
